species,total_reads,total_umis,n_cells,mean_per_cell,median_per_cell,max_per_cell,prevalence_pct
Escherichia coli (taxid 562),460,460,235,1.9574468085106382,2.0,6,78.33333333333333
Prevotella (taxid 838),426,426,234,1.8205128205128205,2.0,5,78.0
Staphylococcus aureus (taxid 1280),418,418,218,1.9174311926605505,2.0,5,72.66666666666667
Klebsiella pneumoniae (taxid 573),405,405,225,1.8,2.0,6,75.0
Spatula rhynchotis (taxid 45633),311,311,195,1.594871794871795,1.0,4,65.0
Megeuptychia antonoe (taxid 270084),228,228,134,1.7014925373134329,1.0,6,44.666666666666664
Sphaerobacter (taxid 2056),147,147,108,1.3611111111111112,1.0,3,36.0
